{ "hitbox": 
[ 
{"frame": [ { "w": 17.000000, "h": 17.000000, "x": -1.000000, "y": -1.000000 } ]} 
]

}
