{ "hitbox": 
	[
		{"frame": [ { "w": 16.000000, "h": 26.000000, "x": 2.500000, "y": 1.500000 }, { "w": 57.000000, "h": 6.000000, "x": 17.500000, "y": 12.500000 }, { "w": 10.000000, "h": 25.000000, "x": 73.500000, "y": 2.500000 } ]} 
	]
}