{ "hitbox":
	[
		{"frame": [ { "w": 93.000000, "h": 95.000000, "x": 32.000000, "y": 9.000000 } ]},
		{"frame": [ { "w": 93.000000, "h": 95.000000, "x": 32.000000, "y": 9.000000 } ]},
		{"frame": [ { "w": 93.000000, "h": 95.000000, "x": 32.000000, "y": 9.000000 } ]},
		{"frame": [ { "w": 93.000000, "h": 95.000000, "x": 32.000000, "y": 9.000000 } ]}
	] 
}