{ "hitbox": 
[
{"frame": [ { "w": 17.000000, "h": 18.000000, "x": 5.000000, "y": 13.000000 } ] },
{"frame": [ { "w": 21.000000, "h": 16.000000, "x": 1.000000, "y": 15.000000 } ] },
{"frame": [ { "w": 17.000000, "h": 15.000000, "x": 6.000000, "y": 16.000000 } ] },
{"frame": [ { "w": 19.000000, "h": 15.000000, "x": 4.000000, "y": 16.000000 } ]}
 ]
  }