{ "hitbox": 
	[
		{"frame": [ { "w": 130.000000, "h": 37.000000, "x": 0.000000, "y": 6.500000 } ]}, 
		{"frame": [ { "w": 122.000000, "h": 34.000000, "x": 4.000000, "y": 6.500000 } ]}, 
		{"frame": [ { "w": 111.000000, "h": 31.000000, "x": 10.000000, "y": 9.500000 } ]},
		{"frame": [ { "w": 130.000000, "h": 37.000000, "x": 0.000000, "y": 6.500000 } ]}, 
	]
}