{ "hitbox": 
	[
		{"frame": [ { "w": 64.000000, "h": 29.000000, "x": -1.000000, "y": 12.000000 }, { "w": 21.000000, "h": 7.000000, "x": 22.000000, "y": 40.000000 } ]}, 
		{"frame": [ { "w": 44.000000, "h": 41.000000, "x": 12.000000, "y": 20.000000 } ]} ,
		{"frame": [ { "w": 62.000000, "h": 29.000000, "x": 1.000000, "y": 12.000000 }, { "w": 22.000000, "h": 8.000000, "x": 22.000000, "y": 39.000000 } ]}

	]
		
		}